<?xml version = "1.0"?>
<root>
  <meta>
    <type>htmlArray</type>
  </meta>

  <body>
    <item>
      <start>5</start>
      <end>7</end>
      <content>

        <aside class="container">
          <p class="text-center">Ismétlés: AJAX kérések, Promise-ok és a fetch function</p>

          <div class="row pb-3">
            <div class="card col-sm-6 hover11">
              <a target="_blank" href="/javascript-az-alapoktol/ajax-keresek">
                <div class="w-100">
                  <img class="card-img-top" src="/public/files/md-10444917786130d03fbbefa1.30948946.webp" alt=""/>
                </div>
              </a>
            </div>

            <div class="card col-sm-6 hover11">
              <a target="_blank" href="/javascript-az-alapoktol/a-fetch-function">
                <div class="w-100">
                  <img class="card-img-top" src="/public/files/md-9067724376130d94a7d1987.59245475.webp" alt=""/>
                </div>
              </a>
            </div>

          </div>
        </aside>

      </content>
    </item>

    <item>
      <start>8</start>
      <end>8</end>
      <content>

        <aside class="container">
          <p class="text-center mb-2">Ismétlés: Arrow function</p>

          <div class="row pb-3">
            <div class="card offset-sm-3 col-sm-6 hover11">
              <a target="_blank" href="/javascript-az-alapoktol/az-arrow-function">
                <div class="w-100">
                  <img class="card-img-top" src="/public/files/md-4747665286130e50307dbc4.04955190.webp" alt=""/>
                </div>
              </a>
            </div>

          </div>
        </aside>

      </content>
    </item>

    <item>
      <start>10</start>
      <end>10</end>
      <content>

        <aside class="container">
          <p class="text-center mb-2">A filter function működése:</p>

          <div class="row pb-3">
            <div class="card offset-sm-3 col-sm-6 hover11">
              <a target="_blank" href="/cikkek/a-leghasznosabb-tombfuggvenyek#filter">
                <div class="w-100">
                  <img class="card-img-top" src="/public/files/md-18056054025f59257e5e2e51.94073860.jpg" alt=""/>
                </div>
              </a>
            </div>

          </div>
        </aside>

      </content>
    </item>

  </body>
</root>
