<?xml version = "1.0"?>
<root>
  <meta>
    <type>codeSurfer</type>
    <!-- <customSubtitles>1</customSubtitles> -->
  </meta>

  <body>
    <item>
      <showNumbers>1</showNumbers>
      <title>Küldj feladatot!</title>
      <content>
        <![CDATA[
/*

    Küldj feladatot vagy applikációt és 
    később viszontláthatod ezen a felületen, kidolgozva!

*/
]]>
      </content>
      <fileName>script.js</fileName>
    </item>

    <item>
      <showNumbers>1</showNumbers>
      <title>Küldj feladatot!</title>
      <fileName>script.js</fileName>
      <content>
        <![CDATA[
/*
                         .       .
                        / `.   .' \
                .---.  <    > <    >  .---.
                |    \  \ - ~ ~ - /  /    |
                 ~-..-~             ~-..-~
             \~~~\.'    Köszönjük!      `./~~~/
   .-~~^-.    \__/                        \__/
 .'  O    \     /               /       \  \
(_____,    `._.'               |         }  \/~~~/
 `----.          /       }     |        /    \__/
       `-.      |       /      |       /      `. ,~~|
           ~-.__|      /_ - ~ ^|      /- _      `..-'   
                |     /        |     /     ~-.     `-. _||_||_
                |_____|        |_____|         ~ - . _ _ _ _ _>

*/
]]>
      </content>
    </item>

  </body>

</root>