<?xml version = "1.0"?>
<root>
  <meta>
    <type>html</type>
  </meta>

  <body>

    <h1 class="text-center mb-3 display-5">Küldj feladatot!</h1>
    <p class="mb-3 text-center fs-4">
      Ha van olyan feladatod/alkalmazásod, aminek szeretnéd látni a részletes megvalósítását, akkor írj az alábbi email címre!
    </p>
    <p class="text-center fs-2 mb-3">
      <a href="mailto:mate@kodbazis.hu" class="text-danger">
        mate@kodbazis.hu
      </a>
    </p>

    <p class="text-center fs-4">
        Köszönjük!
    </p>

  </body>
</root>
