<?xml version = "1.0"?>
<root>
  <meta>
    <type>app</type>
  </meta>

  <body>
    <scriptUrls>
      <item>/public/codeStepperContent/javascript-gyakorlo-feladatsor/drag-and-drop/script.js</item>
    </scriptUrls>
    <styleUrls>
      <item>/public/codeStepperContent/javascript-gyakorlo-feladatsor/drag-and-drop/style.css</item>
    </styleUrls>
    <content>

      <h1 class="text-center">3. Feladat:</h1>
      <p class="text-center">
        Valósíts meg drag and drop funkcionalitást!
        <div class="text-center m-2 d-flex">
          <a class="m-auto" href="/public/codeStepperContent/javascript-gyakorlo-feladatsor/drag-and-drop/drag-and-drop-sablon.zip">
            Töltsd le a sablon fájlokat
          </a>
        </div>
        <div id="drag-and-drop-app" style="min-height: 500px;"></div>
        Kész app:
      </p>

    </content>
  </body>
</root>
