<?xml version = "1.0"?>
<root>
  <meta>
    <type>html</type>
  </meta>

  <body>
    <h1>AAAAAAAAAAA</h1>
    <span>
      Etiam ac posuere risus, quis congue velit. Aenean sed convallis purus. Donec urna lacus, euismod nec rhoncus id, tristique a nulla. Duis ullamcorper, dolor in cursus pulvinar, nulla dolor fringilla lacus, et volutpat elit risus at ante. Integer quis tortor non orci porta gravida. Phasellus rhoncus augue at tempus malesuada. Phasellus porta vel dolor non interdum. Donec at lorem id purus dapibus consectetur. Nulla lacinia arcu metus, non tempus sem pharetra eget. In sodales volutpat vestibulum. Suspendisse vel lectus volutpat, placerat dolor sed, auctor lorem. Ut facilisis semper feugiat. Class aptent taciti sociosqu ad litora torquent per conubia nostra, per inceptos himenaeos. Integer luctus sodales scelerisque.
    </span>
  </body>
</root>
